date,open,high,low,close,volume,dividend,split
2022-05-27,12251.35,12718.75,12220.85,12715.9,0,0.0,1.0
2022-05-30,12712.1,12881.8,12671.85,12808.15,0,0.0,1.0
2022-05-31,12814.75,12826.05,12480.35,12652.55,0,0.0,1.0
2022-06-01,12665.45,12823.1,12453.45,12548.7,0,0.0,1.0
2022-06-02,12548.55,12905.4,12438.6,12898.6,0,0.0,1.0
2022-06-03,12896.3,12945.45,12501.35,12549.8,0,0.0,1.0
2022-06-06,12576.1,12812.2,12516.8,12607.06,0,0.0,1.0
2022-06-07,12604.8,12741.57,12411.45,12682.3,0,0.0,1.0
2022-06-08,12693.75,12786.1,12577.15,12621.25,0,0.0,1.0
2022-06-09,12618.9,12728.05,12256.65,12298.4,0,0.0,1.0
2022-06-10,12303.55,12340.95,11826.5,11859.55,0,0.0,1.0
2022-06-13,11701.85,11727.55,11257.1,11333.71,0,0.0,1.0
2022-06-14,11344.35,11508.25,11209.57,11335.3,0,0.0,1.0
2022-06-15,11341.1,11766.0,11333.25,11597.95,0,0.0,1.0
2022-06-16,11634.5,11744.9,11039.95,11176.95,0,0.0,1.0
2022-06-17,11192.75,11375.35,11093.0,11280.1,0,0.0,1.0
2022-06-20,11316.15,11410.65,11247.65,11394.37,0,0.0,1.0
2022-06-21,11397.4,11650.6,11371.15,11557.7,0,0.0,1.0
2022-06-22,11549.75,11722.5,11295.95,11517.7,0,0.0,1.0
2022-06-23,11519.1,11736.92,11435.25,11663.85,0,0.0,1.0
2022-06-24,11669.9,12122.82,11661.9,12105.45,0,0.0,1.0
2022-06-27,12128.7,12236.35,11969.1,12048.95,0,0.0,1.0
2022-06-28,12051.65,12149.05,11637.05,11655.15,0,0.0,1.0
2022-06-29,11652.45,11722.8,11539.22,11665.2,0,0.0,1.0
2022-06-30,11666.8,11671.2,11326.45,11485.45,0,0.0,1.0
2022-07-01,11481.85,11602.62,11357.6,11587.35,0,0.0,1.0
2022-07-04,11584.9,11592.3,11482.9,11534.9,0,0.0,1.0
2022-07-05,11560.1,11793.1,11366.65,11788.45,0,0.0,1.0
2022-07-06,11797.55,11950.65,11705.6,11881.55,0,0.0,1.0
2022-07-07,11878.95,12146.85,11816.35,12098.2,0,0.0,1.0
2022-07-08,12089.05,12193.0,11931.95,12138.55,0,0.0,1.0
2022-07-11,12113.1,12118.2,11835.1,11881.45,0,0.0,1.0
2022-07-12,11874.2,12007.35,11695.25,11762.1,0,0.0,1.0
2022-07-13,11765.75,11949.55,11468.25,11714.5,0,0.0,1.0
2022-07-14,11710.25,11811.72,11491.6,11783.95,0,0.0,1.0
2022-07-15,11789.2,11998.85,11718.2,11996.7,0,0.0,1.0
2022-07-18,12030.2,12165.35,11839.1,11896.15,0,0.0,1.0
2022-07-19,11889.65,12308.95,11870.8,12300.6,0,0.0,1.0
2022-07-20,12316.6,12499.37,12216.1,12408.65,0,0.0,1.0
2022-07-21,12421.9,12633.75,12355.6,12553.9,0,0.0,1.0
2022-07-22,12542.3,12676.45,12325.57,12408.3,0,0.0,1.0
2022-07-25,12406.4,12482.05,12250.42,12308.9,0,0.0,1.0
2022-07-26,12292.5,12317.5,12056.37,12181.1,0,0.0,1.0
2022-07-27,12188.25,12672.8,12188.0,12563.6,0,0.0,1.0
2022-07-28,12560.6,12940.9,12434.45,12902.7,0,0.0,1.0
2022-07-29,12883.4,12988.65,12724.8,12957.4,0,0.0,1.0
2022-08-01,12961.2,13090.1,12834.35,12962.7,0,0.0,1.0
2022-08-02,12953.55,13080.57,12798.3,12903.8,0,0.0,1.0
2022-08-03,12910.3,13293.85,12851.3,13229.9,0,0.0,1.0
2022-08-04,13223.7,13338.1,13167.35,13310.2,0,0.0,1.0
2022-08-05,13305.05,13365.05,13068.17,13197.4,0,0.0,1.0
2022-08-08,13220.65,13402.15,13103.1,13195.5,0,0.0,1.0
2022-08-09,13183.7,13216.6,12946.05,13038.63,0,0.0,1.0
2022-08-10,13026.6,13391.0,12966.25,13364.1,0,0.0,1.0
2022-08-11,13357.65,13557.17,13269.8,13328.79,0,0.0,1.0
2022-08-12,13326.75,13566.3,13294.75,13562.7,0,0.0,1.0
2022-08-15,13551.4,13689.7,13480.4,13662.45,0,0.0,1.0
2022-08-16,13659.65,13725.67,13507.3,13647.65,0,0.0,1.0
2022-08-17,13633.8,13653.3,13388.1,13492.15,0,0.0,1.0
2022-08-18,13476.05,13557.55,13392.8,13521.9,0,0.0,1.0
2022-08-19,13516.45,13517.1,13211.97,13232.5,0,0.0,1.0
2022-08-22,13185.9,13207.3,12861.17,12918.15,0,0.0,1.0
2022-08-23,12911.95,13004.35,12808.35,12874.45,0,0.0,1.0
2022-08-24,12872.45,12997.95,12812.6,12941.7,0,0.0,1.0
2022-08-25,12932.25,13148.27,12912.15,13131.25,0,0.0,1.0
2022-08-26,13145.05,13207.05,12546.1,12546.95,0,0.0,1.0
2022-08-29,12454.75,12598.45,12392.9,12494.15,0,0.0,1.0
2022-08-30,12494.25,12647.4,12239.77,12351.3,0,0.0,1.0
2022-08-31,12359.25,12504.15,12268.65,12297.25,0,0.0,1.0
2022-09-01,12277.85,12292.05,12009.75,12283.4,0,0.0,1.0
2022-09-02,12288.85,12453.85,12033.35,12122.95,0,0.0,1.0
2022-09-05,12121.35,12161.75,12050.5,12131.35,0,0.0,1.0
2022-09-06,12133.15,12241.2,11927.9,12015.95,0,0.0,1.0
2022-09-07,12012.9,12304.3,11920.3,12261.4,0,0.0,1.0
2022-09-08,12266.8,12378.15,12116.4,12344.15,0,0.0,1.0
2022-09-09,12342.95,12612.1,12328.1,12588.4,0,0.0,1.0
2022-09-12,12649.4,12781.3,12572.8,12778.4,0,0.0,1.0
2022-09-13,12784.65,12879.65,12009.9,12054.2,0,0.0,1.0
2022-09-14,12058.15,12180.6,12009.9,12174.65,0,0.0,1.0
2022-09-15,12168.95,12192.85,11863.85,11899.45,0,0.0,1.0
2022-09-16,11878.7,11889.95,11707.05,11889.7,0,0.0,1.0
2022-09-19,11853.5,11992.75,11723.9,11972.6,0,0.0,1.0
2022-09-20,11973.15,12019.05,11757.17,11878.2,0,0.0,1.0
2022-09-21,11872.2,12065.1,11577.85,11596.2,0,0.0,1.0
2022-09-22,11592.1,11725.85,11440.25,11496.6,0,0.0,1.0
2022-09-23,11507.9,11531.8,11162.3,11319.9,0,0.0,1.0
2022-09-26,11311.85,11472.5,11192.15,11251.7,0,0.0,1.0
2022-09-27,11253.25,11505.3,11171.85,11291.7,0,0.0,1.0
2022-09-28,11299.15,11551.15,11080.8,11478.4,0,0.0,1.0
2022-09-29,11486.55,11504.45,11032.45,11174.3,0,0.0,1.0
2022-09-30,11164.43,11296.3,10965.92,11001.15,0,0.0,1.0
2022-10-03,10959.3,11301.5,10836.45,11253.05,0,0.0,1.0
2022-10-04,11255.95,11616.35,11225.75,11586.45,0,0.0,1.0
2022-10-05,11584.35,11651.45,11312.0,11570.35,0,0.0,1.0
2022-10-06,11569.1,11672.0,11446.9,11447.95,0,0.0,1.0
2022-10-07,11430.85,11507.25,10986.2,11041.85,0,0.0,1.0
2022-10-10,10987.28,11081.85,10824.25,10941.7,0,0.0,1.0
2022-10-11,10934.0,10981.07,10717.27,10831.3,0,0.0,1.0
2022-10-12,10822.0,10925.9,10758.95,10806.0,0,0.0,1.0
2022-10-13,10811.8,11095.95,10440.0,11017.3,0,0.0,1.0
2022-10-14,11025.05,11205.2,10680.15,10700.45,0,0.0,1.0
2022-10-17,10694.05,11100.45,10688.3,11089.2,0,0.0,1.0
2022-10-18,11123.35,11386.0,11036.25,11275.85,0,0.0,1.0
2022-10-19,11286.3,11336.35,11008.45,11107.9,0,0.0,1.0
2022-10-20,11099.05,11286.95,10966.8,11018.3,0,0.0,1.0
2022-10-21,11019.96,11346.25,10898.1,11336.45,0,0.0,1.0
2022-10-24,11384.1,11494.0,11175.75,11424.15,0,0.0,1.0
2022-10-25,11423.9,11698.05,11396.3,11551.15,0,0.0,1.0
2022-10-26,11473.28,11668.45,11381.25,11437.75,0,0.0,1.0
2022-10-27,11388.35,11502.25,10890.35,11053.1,0,0.0,1.0
2022-10-28,11098.45,11587.95,11026.1,11587.7,0,0.0,1.0
2022-10-31,11544.4,11551.65,11332.95,11419.05,0,0.0,1.0
2022-11-01,11425.95,11586.6,11258.95,11287.95,0,0.0,1.0
2022-11-02,11293.31,11423.5,10877.25,10910.85,0,0.0,1.0
2022-11-03,10903.3,10965.45,10678.75,10699.05,0,0.0,1.0
2022-11-04,10674.7,10943.47,10619.45,10843.05,0,0.0,1.0
2022-11-07,10733.05,11013.32,10733.05,10989.05,0,0.0,1.0
2022-11-08,10988.0,11205.55,10904.5,11063.85,0,0.0,1.0
2022-11-09,11068.85,11137.5,10796.87,10817.85,0,0.0,1.0
2022-11-10,10818.85,11651.85,10811.0,11650.35,0,0.0,1.0
2022-11-11,11644.35,11850.35,11543.8,11809.45,0,0.0,1.0
2022-11-14,11759.7,11873.97,11676.97,11744.7,0,0.0,1.0
2022-11-15,11746.3,12095.7,11738.95,11871.2,0,0.0,1.0
2022-11-16,11857.75,11937.05,11681.62,11745.1,0,0.0,1.0
2022-11-17,11752.0,11801.9,11502.15,11722.5,0,0.0,1.0
2022-11-18,11725.85,11821.4,11583.1,11687.1,0,0.0,1.0
2022-11-21,11705.68,11735.5,11534.12,11569.1,0,0.0,1.0
2022-11-22,11568.85,11738.5,11506.75,11721.1,0,0.0,1.0
2022-11-23,11728.65,11875.92,11702.3,11857.15,0,0.0,1.0
2022-11-24,11859.1,11919.0,11857.75,11894.1,0,0.0,1.0
2022-11-25,11897.77,11907.45,11748.5,11764.3,0,0.0,1.0
2022-11-28,11710.9,11772.35,11560.22,11608.45,0,0.0,1.0
2022-11-29,11607.85,11692.25,11452.8,11507.1,0,0.0,1.0
2022-11-30,11503.45,12065.95,11485.85,12063.2,0,0.0,1.0
2022-12-01,12065.2,12126.85,11930.85,12024.7,0,0.0,1.0
2022-12-02,12027.85,12054.6,11725.85,11967.4,0,0.0,1.0
2022-12-05,12004.36,12006.65,11736.1,11805.45,0,0.0,1.0
2022-12-06,11799.0,11839.65,11497.3,11560.25,0,0.0,1.0
2022-12-07,11561.0,11591.65,11417.65,11493.5,0,0.0,1.0
2022-12-08,11501.45,11681.85,11429.1,11632.45,0,0.0,1.0
2022-12-09,11637.75,11738.41,11512.03,11545.95,0,0.0,1.0
2022-12-12,11555.35,11720.25,11520.5,11700.1,0,0.0,1.0
2022-12-13,11705.35,12223.85,11684.5,11837.25,0,0.0,1.0
2022-12-14,11839.25,11955.65,11620.15,11774.75,0,0.0,1.0
2022-12-15,11766.1,11785.75,11292.5,11339.85,0,0.0,1.0
2022-12-16,11342.85,11383.25,11169.25,11211.1,0,0.0,1.0
2022-12-19,11221.3,11306.7,11026.7,11079.3,0,0.0,1.0
2022-12-20,11079.85,11141.75,10938.75,11089.35,0,0.0,1.0
2022-12-21,11103.55,11286.2,11077.45,11251.8,0,0.0,1.0
2022-12-22,11255.65,11282.05,10766.05,10943.9,0,0.0,1.0
2022-12-23,10961.2,11044.85,10817.0,10968.5,0,0.0,1.0
2022-12-27,11028.9,11090.3,10801.0,10818.4,0,0.0,1.0
2022-12-28,10819.4,10903.8,10671.45,10697.5,0,0.0,1.0
2022-12-29,10706.8,10984.95,10692.45,10944.05,0,0.0,1.0
2022-12-30,10947.75,10968.9,10769.65,10956.25,0,0.0,1.0
2023-01-03,11035.55,11100.7,10764.7,10861.05,0,0.0,1.0
2023-01-04,10855.25,10989.65,10786.85,10903.5,0,0.0,1.0
2023-01-05,10915.6,10967.5,10727.75,10759.35,0,0.0,1.0
2023-01-06,10763.05,11089.35,10675.2,11029.95,0,0.0,1.0
2023-01-09,11059.9,11309.3,11045.8,11105.65,0,0.0,1.0
2023-01-10,11108.35,11215.0,11016.25,11207.1,0,0.0,1.0
2023-01-11,11210.25,11405.65,11167.4,11401.75,0,0.0,1.0
2023-01-12,11403.3,11506.0,11218.7,11447.45,0,0.0,1.0
2023-01-13,11451.5,11546.0,11314.25,11528.0,0,0.0,1.0
2023-01-16,11544.95,11569.85,11440.6,11495.85,0,0.0,1.0
2023-01-17,11505.1,11615.55,11463.75,11556.85,0,0.0,1.0
2023-01-18,11552.1,11695.0,11405.9,11418.1,0,0.0,1.0
2023-01-19,11404.0,11424.05,11245.9,11331.25,0,0.0,1.0
2023-01-20,11341.25,11624.65,11305.15,11616.0,0,0.0,1.0
2023-01-23,11626.8,11924.1,11593.1,11875.2,0,0.0,1.0
2023-01-24,11876.45,11951.6,11777.1,11912.45,0,0.0,1.0
2023-01-25,11917.05,11917.3,11546.7,11816.1,0,0.0,1.0
2023-01-26,11814.65,12055.3,11812.05,12003.65,0,0.0,1.0
2023-01-27,11993.15,12249.35,11962.8,12166.4,0,0.0,1.0
2023-01-30,12151.45,12200.35,11909.1,11936.95,0,0.0,1.0
2023-01-31,11935.1,12105.75,11820.5,12068.1,0,0.0,1.0
2023-02-01,12067.25,12475.4,12005.25,12457.0,0,0.0,1.0
2023-02-02,12483.1,12900.85,12453.75,12623.1,0,0.0,1.0
2023-02-03,12703.2,12827.2,12509.1,12565.75,0,0.0,1.0
2023-02-06,12526.0,12560.15,12408.15,12466.25,0,0.0,1.0
2023-02-07,12472.75,12773.15,12414.4,12695.25,0,0.0,1.0
2023-02-08,12707.95,12763.6,12472.45,12516.9,0,0.0,1.0
2023-02-09,12511.4,12688.3,12327.4,12411.0,0,0.0,1.0
2023-02-10,12401.75,12412.15,12203.9,12299.75,0,0.0,1.0
2023-02-13,12327.75,12532.4,12230.9,12508.05,0,0.0,1.0
2023-02-14,12511.35,12648.75,12355.5,12582.0,0,0.0,1.0
2023-02-15,12582.7,12716.2,12489.0,12707.45,0,0.0,1.0
2023-02-16,12699.45,12753.85,12419.35,12427.45,0,0.0,1.0
2023-02-17,12424.7,12425.95,12231.1,12348.7,0,0.0,1.0
2023-02-20,12338.4,12389.15,12317.05,12336.05,0,0.0,1.0
2023-02-21,12336.9,12349.3,12068.0,12085.85,0,0.0,1.0
2023-02-22,12084.15,12162.3,12007.1,12139.0,0,0.0,1.0
2023-02-23,12148.7,12236.1,11999.47,12165.7,0,0.0,1.0
2023-02-24,12160.65,12186.65,11896.35,11973.75,0,0.0,1.0
2023-02-27,11977.95,12170.4,11968.45,12073.2,0,0.0,1.0
2023-02-28,12081.75,12153.37,11999.8,12020.95,0,0.0,1.0
2023-03-01,12017.55,12123.05,11906.55,11965.95,0,0.0,1.0
2023-03-02,11952.25,12074.45,11814.0,12031.1,0,0.0,1.0
2023-03-03,12024.35,12310.75,11993.2,12307.2,0,0.0,1.0
2023-03-06,12285.35,12471.4,12262.1,12307.45,0,0.0,1.0
2023-03-07,12304.1,12369.85,12131.35,12165.45,0,0.0,1.0
2023-03-08,12166.6,12245.85,12102.35,12229.2,0,0.0,1.0
2023-03-09,12222.75,12345.0,11969.65,12000.5,0,0.0,1.0
2023-03-10,11989.45,12104.95,11793.8,11887.5,0,0.0,1.0
2023-03-13,11891.85,12089.2,11679.45,11944.95,0,0.0,1.0
2023-03-14,11945.45,12226.25,11898.3,12205.55,0,0.0,1.0
2023-03-15,12201.1,12277.35,11966.9,12268.7,0,0.0,1.0
2023-03-16,12261.85,12602.05,12188.85,12579.65,0,0.0,1.0
2023-03-17,12570.2,12680.7,12441.05,12517.9,0,0.0,1.0
2023-03-20,12593.0,12610.0,12401.75,12575.6,0,0.0,1.0
2023-03-21,12567.55,12771.55,12551.55,12749.5,0,0.0,1.0
2023-03-22,12741.1,12955.6,12551.15,12571.25,0,0.0,1.0
2023-03-23,12576.75,12904.75,12576.5,12744.5,0,0.0,1.0
2023-03-24,12754.75,12801.85,12605.9,12797.7,0,0.0,1.0
2023-03-27,12797.75,12859.0,12646.9,12695.35,0,0.0,1.0
2023-03-28,12693.1,12716.35,12513.75,12630.75,0,0.0,1.0
2023-03-29,12632.35,12878.85,12626.6,12846.95,0,0.0,1.0
2023-03-30,12848.4,12999.15,12818.9,12974.8,0,0.0,1.0
2023-03-31,12960.8,13197.15,12943.8,13193.25,0,0.0,1.0
2023-04-03,13159.15,13168.4,13043.9,13151.0,0,0.0,1.0
2023-04-04,13138.65,13236.65,13056.5,13119.6,0,0.0,1.0
2023-04-05,13118.65,13136.9,12895.4,12961.25,0,0.0,1.0
2023-04-06,12954.8,13081.8,12845.3,13054.65,0,0.0,1.0
2023-04-07,13045.75,13084.25,13015.35,13077.0,0,0.0,1.0
2023-04-10,13063.55,13099.05,12864.55,13062.5,0,0.0,1.0
2023-04-11,13057.55,13106.95,12952.2,12980.3,0,0.0,1.0
2023-04-12,12980.15,13141.65,12835.75,12856.25,0,0.0,1.0
2023-04-13,12854.1,13128.4,12826.85,13080.75,0,0.0,1.0
2023-04-14,13081.2,13158.55,12960.2,13101.8,0,0.0,1.0
2023-04-17,13115.4,13125.65,12985.15,13088.75,0,0.0,1.0
2023-04-18,13090.2,13205.45,13046.9,13096.3,0,0.0,1.0
2023-04-19,13091.05,13136.3,12975.8,13077.9,0,0.0,1.0
2023-04-20,13074.1,13109.6,12936.35,13004.15,0,0.0,1.0
2023-04-21,13000.1,13035.85,12899.5,12989.45,0,0.0,1.0
2023-04-24,12988.3,13050.5,12886.15,12968.35,0,0.0,1.0
2023-04-25,12966.4,12980.15,12723.55,12842.0,0,0.0,1.0
2023-04-26,12864.65,12936.4,12787.1,12882.7,0,0.0,1.0
2023-04-27,12889.05,13258.65,12860.8,13188.25,0,0.0,1.0
2023-04-28,13142.9,13262.15,13093.9,13251.25,0,0.0,1.0
2023-05-01,13243.3,13298.7,13193.55,13223.0,0,0.0,1.0
2023-05-02,13217.9,13271.15,13052.05,13106.75,0,0.0,1.0
2023-05-03,13100.15,13241.65,13014.9,13024.0,0,0.0,1.0
2023-05-04,13008.7,13107.2,12937.7,12979.8,0,0.0,1.0
2023-05-05,12993.8,13292.55,12990.55,13246.4,0,0.0,1.0
2023-05-08,13257.6,13310.7,13200.85,13279.05,0,0.0,1.0
2023-05-09,13276.1,13291.35,13195.85,13205.45,0,0.0,1.0
2023-05-10,13200.2,13389.95,13148.7,13355.55,0,0.0,1.0
2023-05-11,13352.7,13418.3,13309.05,13394.7,0,0.0,1.0
2023-05-12,13393.65,13440.9,13257.0,13316.25,0,0.0,1.0
2023-05-15,13325.65,13430.4,13301.4,13414.75,0,0.0,1.0
2023-05-16,13412.2,13507.2,13380.7,13456.55,0,0.0,1.0
2023-05-17,13447.5,13620.3,13425.0,13592.1,0,0.0,1.0
2023-05-18,13593.2,13866.95,13582.45,13865.8,0,0.0,1.0
2023-05-19,13862.15,13915.65,13769.65,13795.5,0,0.0,1.0
2023-05-22,13774.45,13907.7,13773.95,13876.55,0,0.0,1.0
2023-05-23,13875.6,13940.85,13677.25,13696.45,0,0.0,1.0
2023-05-24,13696.45,13810.2,13531.7,13806.3,0,0.0,1.0
2023-05-25,13842.9,13993.9,13769.9,13945.75,0,0.0,1.0
2023-05-26,13946.35,14335.6,13891.35,14332.95,0,0.0,1.0
2023-05-29,14386.6,14418.35,14340.6,14379.35,0,0.0,1.0
2023-05-30,14376.8,14541.4,14312.05,14376.3,0,0.0,1.0
2023-05-31,14365.45,14403.3,14227.5,14260.55,0,0.0,1.0
2023-06-01,14267.25,14502.15,14221.25,14470.6,0,0.0,1.0
2023-06-02,14465.35,14602.5,14447.0,14561.85,0,0.0,1.0
2023-06-05,14549.7,14673.95,14495.35,14563.8,0,0.0,1.0
2023-06-06,14562.4,14605.4,14487.15,14576.25,0,0.0,1.0
2023-06-07,14578.4,14657.4,14289.4,14301.0,0,0.0,1.0
2023-06-08,14310.25,14513.15,14243.25,14507.5,0,0.0,1.0
2023-06-09,14500.5,14671.85,14449.0,14555.35,0,0.0,1.0
2023-06-12,14551.2,14834.0,14551.2,14830.95,0,0.0,1.0
2023-06-13,14822.45,14975.55,14787.6,14928.8,0,0.0,1.0
2023-06-14,14938.6,15066.35,14800.75,15055.35,0,0.0,1.0
2023-06-15,15044.5,15262.75,14892.4,15190.85,0,0.0,1.0
2023-06-16,15185.95,15300.6,15081.2,15123.3,0,0.0,1.0
2023-06-19,15138.35,15150.85,15059.6,15068.35,0,0.0,1.0
2023-06-20,15079.2,15141.2,14957.45,15074.8,0,0.0,1.0
2023-06-21,15081.3,15103.55,14834.05,14870.7,0,0.0,1.0
2023-06-22,14879.6,15072.95,14800.25,15068.55,0,0.0,1.0
2023-06-23,15069.05,15070.3,14822.55,14890.4,0,0.0,1.0
2023-06-26,14906.4,14995.4,14697.15,14716.25,0,0.0,1.0
2023-06-27,14728.6,14987.2,14710.6,14936.8,0,0.0,1.0
2023-06-28,14941.65,15068.9,14872.15,15009.25,0,0.0,1.0
2023-06-29,15009.8,15053.4,14880.3,14958.65,0,0.0,1.0
2023-06-30,14953.0,15228.75,14952.5,15166.7,0,0.0,1.0
2023-07-03,15195.0,15248.9,15167.25,15213.75,0,0.0,1.0
2023-07-04,15203.2,15227.45,15193.45,15203.45,0,0.0,1.0
2023-07-05,15207.8,15289.8,15115.45,15212.9,0,0.0,1.0
2023-07-06,15218.4,15226.9,14978.65,15085.0,0,0.0,1.0
2023-07-07,15082.15,15220.75,15037.55,15056.5,0,0.0,1.0
2023-07-10,15063.15,15089.05,14935.15,15063.4,0,0.0,1.0
2023-07-11,15064.3,15150.8,14981.3,15134.5,0,0.0,1.0
2023-07-12,15131.15,15383.3,15128.9,15331.5,0,0.0,1.0
2023-07-13,15332.6,15616.75,15332.6,15572.45,0,0.0,1.0
2023-07-14,15578.3,15732.85,15540.35,15566.7,0,0.0,1.0
2023-07-17,15549.19,15761.8,15529.0,15707.4,0,0.0,1.0
2023-07-18,15714.45,15913.4,15618.7,15831.5,0,0.0,1.0
2023-07-19,15836.7,15946.45,15798.35,15824.05,0,0.0,1.0
2023-07-20,15806.15,15812.15,15434.4,15483.0,0,0.0,1.0
2023-07-21,15481.45,15609.3,15413.3,15443.15,0,0.0,1.0
2023-07-24,15460.55,15513.8,15382.3,15465.9,0,0.0,1.0
2023-07-25,15466.65,15636.4,15448.65,15623.25,0,0.0,1.0
2023-07-26,15619.95,15642.2,15419.5,15529.1,0,0.0,1.0
2023-07-27,15549.25,15809.5,15420.4,15490.5,0,0.0,1.0
2023-07-28,15493.2,15800.1,15454.7,15750.45,0,0.0,1.0
2023-07-31,15754.55,15828.3,15703.55,15780.75,0,0.0,1.0
2023-08-01,15788.0,15803.25,15643.15,15722.6,0,0.0,1.0
2023-08-02,15607.95,15705.95,15332.4,15369.35,0,0.0,1.0
2023-08-03,15380.55,15472.75,15261.2,15369.6,0,0.0,1.0
2023-08-04,15367.95,15530.8,15263.35,15286.7,0,0.0,1.0
2023-08-07,15307.45,15423.55,15264.85,15418.15,0,0.0,1.0
2023-08-08,15425.75,15427.75,15151.65,15284.25,0,0.0,1.0
2023-08-09,15289.75,15367.65,15077.9,15135.5,0,0.0,1.0
2023-08-10,15139.35,15374.75,15066.5,15147.1,0,0.0,1.0
2023-08-11,15148.85,15194.25,14967.35,15037.5,0,0.0,1.0
2023-08-14,15046.9,15225.4,14962.8,15223.25,0,0.0,1.0
2023-08-15,15226.85,15280.6,15022.55,15056.4,0,0.0,1.0
2023-08-16,15063.8,15111.55,14863.5,14879.1,0,0.0,1.0
2023-08-17,14887.3,14958.9,14683.05,14688.15,0,0.0,1.0
2023-08-18,14704.4,14747.65,14556.65,14689.25,0,0.0,1.0
2023-08-21,14725.1,14967.45,14669.15,14925.3,0,0.0,1.0
2023-08-22,14927.9,15073.9,14887.0,14919.8,0,0.0,1.0
2023-08-23,14925.0,15312.6,14915.75,15309.85,0,0.0,1.0
2023-08-24,15299.7,15378.45,14775.1,14790.2,0,0.0,1.0
2023-08-25,14802.9,15007.25,14714.5,14932.05,0,0.0,1.0
2023-08-28,14981.9,15097.0,14943.65,15072.05,0,0.0,1.0
2023-08-29,15081.9,15405.5,15027.15,15402.5,0,0.0,1.0
2023-08-30,15404.3,15500.2,15340.55,15491.35,0,0.0,1.0
2023-08-31,15486.85,15585.6,15437.6,15514.85,0,0.0,1.0
2023-09-01,15511.25,15638.5,15433.25,15491.1,0,0.0,1.0
2023-09-04,15510.45,15565.7,15487.7,15512.45,0,0.0,1.0
2023-09-05,15521.62,15576.25,15409.0,15507.35,0,0.0,1.0
2023-09-06,15503.8,15525.8,15305.05,15380.4,0,0.0,1.0
2023-09-07,15384.25,15390.75,15181.0,15281.1,0,0.0,1.0
2023-09-08,15287.05,15387.55,15220.75,15309.3,0,0.0,1.0
2023-09-11,15311.0,15505.2,15300.25,15482.85,0,0.0,1.0
2023-09-12,15476.6,15493.35,15298.7,15318.8,0,0.0,1.0
2023-09-13,15321.25,15435.3,15219.5,15388.1,0,0.0,1.0
2023-09-14,15385.05,15528.9,15349.05,15493.5,0,0.0,1.0
2023-09-15,15494.9,15538.65,15177.05,15197.15,0,0.0,1.0
2023-09-18,15202.15,15275.65,15153.65,15245.5,0,0.0,1.0
2023-09-19,15250.1,15265.4,15078.75,15206.2,0,0.0,1.0
2023-09-20,15205.0,15257.65,14953.65,14958.25,0,0.0,1.0
2023-09-21,14973.1,14975.1,14670.85,14678.95,0,0.0,1.0
2023-09-22,14690.65,14855.05,14668.4,14707.75,0,0.0,1.0
2023-09-25,14731.15,14793.65,14623.4,14789.25,0,0.0,1.0
2023-09-26,14785.25,14788.25,14513.4,14568.75,0,0.0,1.0
2023-09-27,14574.1,14666.65,14439.3,14614.25,0,0.0,1.0
2023-09-28,14614.15,14792.25,14509.8,14724.1,0,0.0,1.0
2023-09-29,14728.5,14904.25,14663.25,14743.35,0,0.0,1.0
2023-10-02,14842.15,14900.65,14686.5,14850.25,0,0.0,1.0
2023-10-03,14844.55,14886.6,14511.55,14570.85,0,0.0,1.0
2023-10-04,14578.65,14813.4,14449.9,14762.5,0,0.0,1.0
2023-10-05,14762.8,14824.8,14582.25,14721.9,0,0.0,1.0
2023-10-06,14722.4,15018.5,14526.9,15001.25,0,0.0,1.0
2023-10-09,14890.25,15079.2,14821.1,15063.95,0,0.0,1.0
2023-10-10,15062.9,15254.4,15044.5,15153.5,0,0.0,1.0
2023-10-11,15155.45,15288.0,15126.75,15283.1,0,0.0,1.0
2023-10-12,15277.45,15341.45,15090.95,15196.95,0,0.0,1.0
2023-10-13,15196.15,15240.9,14941.65,14986.0,0,0.0,1.0
2023-10-16,15018.85,15220.7,14968.6,15188.55,0,0.0,1.0
2023-10-17,15190.0,15195.75,14938.9,15128.05,0,0.0,1.0
2023-10-18,15120.65,15122.9,14868.25,14949.0,0,0.0,1.0
2023-10-19,14935.6,15028.1,14731.85,14742.2,0,0.0,1.0
2023-10-20,14746.05,14781.8,14542.95,14545.25,0,0.0,1.0
2023-10-23,14590.9,14755.65,14417.9,14651.75,0,0.0,1.0
2023-10-24,14649.0,14851.7,14611.6,14734.05,0,0.0,1.0
2023-10-25,14742.0,14762.25,14361.6,14378.35,0,0.0,1.0
2023-10-26,14338.6,14369.4,14061.5,14127.25,0,0.0,1.0
2023-10-27,14187.2,14321.8,14128.3,14187.75,0,0.0,1.0
2023-10-30,14249.9,14396.4,14226.9,14333.5,0,0.0,1.0
2023-10-31,14333.85,14427.35,14236.35,14375.2,0,0.0,1.0
2023-11-01,14397.2,14684.6,14336.95,14683.7,0,0.0,1.0
2023-11-02,14685.35,14937.2,14684.6,14894.05,0,0.0,1.0
2023-11-03,14865.45,15154.2,14861.45,15110.3,0,0.0,1.0
2023-11-06,15129.7,15188.8,15072.8,15155.3,0,0.0,1.0
2023-11-07,15147.35,15344.85,15110.95,15313.0,0,0.0,1.0
2023-11-08,15309.3,15361.8,15234.75,15306.25,0,0.0,1.0
2023-11-09,15296.5,15397.35,15180.15,15199.0,0,0.0,1.0
2023-11-10,15189.5,15551.0,15150.75,15521.75,0,0.0,1.0
2023-11-13,15547.45,15547.95,15412.95,15503.55,0,0.0,1.0
2023-11-14,15503.05,15862.55,15500.55,15841.3,0,0.0,1.0
2023-11-15,15844.1,15991.3,15777.6,15793.55,0,0.0,1.0
2023-11-16,15796.95,15854.6,15746.85,15846.7,0,0.0,1.0
2023-11-17,15843.65,15890.1,15775.4,15825.0,0,0.0,1.0
2023-11-20,15853.5,16071.6,15795.75,16046.9,0,0.0,1.0
2023-11-21,16044.55,16082.05,15873.35,15928.85,0,0.0,1.0
2023-11-22,15923.4,16133.05,15905.15,16007.4,0,0.0,1.0
2023-11-23,16001.8,16049.35,15999.3,16026.15,0,0.0,1.0
2023-11-24,16035.8,16038.05,15949.1,15975.4,0,0.0,1.0
2023-11-27,15970.5,16059.85,15912.25,15978.15,0,0.0,1.0
2023-11-28,15985.7,16046.8,15921.85,16028.95,0,0.0,1.0
2023-11-29,16025.7,16184.3,15991.7,16020.2,0,0.0,1.0
2023-11-30,16016.35,16072.95,15834.7,15935.15,0,0.0,1.0
2023-12-01,15933.3,16027.9,15844.4,16008.5,0,0.0,1.0
2023-12-04,16009.25,16009.25,15709.65,15842.8,0,0.0,1.0
2023-12-05,15842.95,15946.4,15749.25,15888.15,0,0.0,1.0
2023-12-06,15886.5,16028.95,15795.35,15806.4,0,0.0,1.0
2023-12-07,15797.2,16055.1,15784.7,16008.25,0,0.0,1.0
2023-12-08,16020.75,16121.35,15886.35,16099.5,0,0.0,1.0
2023-12-11,16103.0,16262.85,16063.0,16258.85,0,0.0,1.0
2023-12-12,16252.85,16405.25,16204.5,16401.75,0,0.0,1.0
2023-12-13,16398.45,16609.3,16383.8,16568.7,0,0.0,1.0
2023-12-14,16586.9,16692.65,16435.3,16547.15,0,0.0,1.0
2023-12-15,16550.9,16692.4,16540.65,16623.15,0,0.0,1.0
2023-12-18,16655.55,16793.5,16622.55,16742.55,0,0.0,1.0
2023-12-19,16741.9,16846.35,16730.65,16844.25,0,0.0,1.0
2023-12-20,16845.9,16891.8,16580.65,16615.65,0,0.0,1.0
2023-12-21,16626.3,16791.1,16618.3,16770.5,0,0.0,1.0
2023-12-22,16763.15,16863.5,16718.15,16788.4,0,0.0,1.0
2023-12-26,16826.0,16943.85,16822.65,16926.5,0,0.0,1.0
2023-12-27,16921.4,16959.35,16887.4,16958.35,0,0.0,1.0
2023-12-28,16951.2,16995.45,16911.6,16921.95,0,0.0,1.0
2023-12-29,16922.45,16963.45,16773.35,16836.95,0,0.0,1.0
2024-01-02,16859.25,16880.75,16467.5,16575.75,0,0.0,1.0
2024-01-03,16576.9,16580.4,16367.75,16388.15,0,0.0,1.0
2024-01-04,16405.75,16434.5,16285.4,16298.4,0,0.0,1.0
2024-01-05,16306.1,16424.6,16186.45,16314.1,0,0.0,1.0
2024-01-08,16328.4,16663.85,16235.8,16641.85,0,0.0,1.0
2024-01-09,16642.1,16725.2,16516.6,16686.9,0,0.0,1.0
2024-01-10,16683.4,16839.75,16663.15,16816.4,0,0.0,1.0
2024-01-11,16813.0,16909.5,16618.9,16819.6,0,0.0,1.0
2024-01-12,16813.1,16904.45,16731.0,16818.6,0,0.0,1.0
2024-01-15,16831.2,16893.2,16807.95,16840.95,0,0.0,1.0
2024-01-16,16835.95,16905.85,16686.6,16851.4,0,0.0,1.0
2024-01-17,16848.4,16856.4,16566.3,16734.65,0,0.0,1.0
2024-01-18,16732.65,16999.95,16711.65,16993.85,0,0.0,1.0
2024-01-19,16991.35,17346.2,16988.85,17337.7,0,0.0,1.0
2024-01-22,17367.15,17468.15,17320.05,17341.05,0,0.0,1.0
2024-01-23,17339.9,17445.95,17299.55,17440.8,0,0.0,1.0
2024-01-24,17449.25,17681.1,17449.0,17522.4,0,0.0,1.0
2024-01-25,17511.3,17643.9,17435.3,17472.8,0,0.0,1.0
2024-01-26,17455.4,17526.75,17364.15,17401.4,0,0.0,1.0
2024-01-29,17371.15,17618.0,17364.9,17604.65,0,0.0,1.0
2024-01-30,17615.5,17641.0,17373.9,17376.9,0,0.0,1.0
2024-01-31,17348.05,17392.65,17131.2,17174.55,0,0.0,1.0
2024-02-01,17182.55,17555.05,17174.3,17539.55,0,0.0,1.0
2024-02-02,17513.3,17686.35,17380.05,17598.5,0,0.0,1.0
2024-02-05,17635.9,17665.4,17477.55,17624.4,0,0.0,1.0
2024-02-06,17632.15,17691.4,17485.9,17573.15,0,0.0,1.0
2024-02-07,17578.6,17799.15,17555.6,17781.85,0,0.0,1.0
2024-02-08,17775.7,17823.7,17720.7,17787.95,0,0.0,1.0
2024-02-09,17782.75,17996.85,17780.75,17965.25,0,0.0,1.0
2024-02-12,17960.65,18055.75,17847.85,17866.1,0,0.0,1.0
2024-02-13,17869.4,17902.4,17485.75,17637.9,0,0.0,1.0
2024-02-14,17629.45,17824.2,17606.2,17811.2,0,0.0,1.0
2024-02-15,17811.75,17906.5,17719.5,17893.5,0,0.0,1.0
2024-02-16,17898.45,17965.8,17656.2,17661.7,0,0.0,1.0
2024-02-19,17686.95,17755.45,17686.7,17737.7,0,0.0,1.0
2024-02-20,17736.4,17738.15,17404.6,17533.4,0,0.0,1.0
2024-02-21,17519.1,17661.85,17327.55,17660.85,0,0.0,1.0
2024-02-22,17652.5,18038.85,17628.05,17977.4,0,0.0,1.0
2024-02-23,17989.25,18099.25,17903.65,17916.75,0,0.0,1.0
2024-02-26,17912.75,18022.25,17886.75,17914.25,0,0.0,1.0
2024-02-27,17910.95,18007.45,17877.0,17979.0,0,0.0,1.0
2024-02-28,17979.7,17987.2,17814.95,17828.7,0,0.0,1.0
2024-02-29,17840.95,18076.7,17794.9,18038.95,0,0.0,1.0
2024-03-01,18047.15,18339.75,18001.4,18291.15,0,0.0,1.0
2024-03-04,18330.65,18354.4,18211.65,18221.65,0,0.0,1.0
2024-03-05,18227.85,18231.75,17814.5,17964.75,0,0.0,1.0
2024-03-06,17962.5,18158.65,17929.15,18024.4,0,0.0,1.0
2024-03-07,18027.65,18344.3,17902.55,18239.8,0,0.0,1.0
2024-03-08,18274.95,18426.5,18007.45,18049.2,0,0.0,1.0
2024-03-11,18046.45,18057.2,17891.7,17997.95,0,0.0,1.0
2024-03-12,18011.8,18243.95,17930.7,18224.45,0,0.0,1.0
2024-03-13,18225.8,18266.45,18043.95,18117.55,0,0.0,1.0
2024-03-14,18106.85,18188.85,17925.9,18029.7,0,0.0,1.0
2024-03-15,18024.65,18087.9,17773.55,17831.05,0,0.0,1.0
2024-03-18,17849.4,18154.4,17837.65,18002.4,0,0.0,1.0
2024-03-19,17984.15,18067.75,17833.4,18052.4,0,0.0,1.0
2024-03-20,18049.95,18321.7,18005.35,18318.95,0,0.0,1.0
2024-03-21,18314.55,18487.45,18307.45,18361.35,0,0.0,1.0
2024-03-22,18361.4,18404.65,18275.55,18346.3,0,0.0,1.0
2024-03-25,18364.75,18391.0,18208.4,18325.15,0,0.0,1.0
2024-03-26,18327.65,18411.85,18233.8,18272.6,0,0.0,1.0
2024-03-27,18268.2,18365.5,18173.6,18300.6,0,0.0,1.0
2024-03-28,18286.05,18335.55,18246.05,18262.05,0,0.0,1.0
2024-04-01,18351.05,18418.8,18224.05,18306.05,0,0.0,1.0
2024-04-02,18304.75,18319.65,18012.4,18154.9,0,0.0,1.0
2024-04-03,18152.5,18261.5,18045.05,18199.9,0,0.0,1.0
2024-04-04,18201.7,18379.95,17872.15,17889.55,0,0.0,1.0
2024-04-05,17922.55,18223.6,17870.55,18129.05,0,0.0,1.0
2024-04-08,18190.45,18200.3,18066.1,18137.3,0,0.0,1.0
2024-04-09,18144.7,18234.6,17991.0,18212.45,0,0.0,1.0
2024-04-10,18211.1,18295.6,17890.6,18024.6,0,0.0,1.0
2024-04-11,18008.55,18349.35,17922.55,18318.85,0,0.0,1.0
2024-04-12,18316.0,18343.4,17959.6,18007.5,0,0.0,1.0
2024-04-15,18036.6,18192.7,17687.45,17718.9,0,0.0,1.0
2024-04-16,17730.75,17834.15,17642.65,17742.25,0,0.0,1.0
2024-04-17,17753.25,17817.9,17468.55,17514.0,0,0.0,1.0
2024-04-18,17530.7,17623.85,17360.75,17383.45,0,0.0,1.0
2024-04-19,17389.4,17409.3,16973.2,17037.55,0,0.0,1.0
2024-04-22,17106.8,17313.65,17019.2,17212.15,0,0.0,1.0
2024-04-23,17237.5,17534.7,17155.9,17525.8,0,0.0,1.0
2024-04-24,17565.4,17665.15,17353.8,17379.4,0,0.0,1.0
2024-04-25,17320.6,17701.9,17184.9,17689.5,0,0.0,1.0
2024-04-26,17678.45,17778.05,17545.55,17713.4,0,0.0,1.0
2024-04-29,17754.3,17836.3,17679.95,17799.65,0,0.0,1.0
2024-04-30,17804.6,17810.25,17367.8,17400.25,0,0.0,1.0
2024-05-01,17361.95,17684.85,17293.1,17368.45,0,0.0,1.0
2024-05-02,17387.7,17650.1,17282.85,17638.7,0,0.0,1.0
2024-05-03,17639.9,17940.65,17616.55,17923.9,0,0.0,1.0
2024-05-06,17948.6,18104.7,17889.85,18090.45,0,0.0,1.0
2024-05-07,18082.25,18169.0,18056.4,18102.0,0,0.0,1.0
2024-05-08,18098.55,18149.05,17981.1,18068.05,0,0.0,1.0
2024-05-09,18066.55,18146.95,18013.45,18128.05,0,0.0,1.0
2024-05-10,18128.1,18256.0,18097.15,18148.1,0,0.0,1.0
2024-05-13,18153.2,18251.2,18146.2,18203.25,0,0.0,1.0
2024-05-14,18202.85,18348.85,18084.85,18326.85,0,0.0,1.0
2024-05-15,18324.25,18623.05,18312.15,18610.55,0,0.0,1.0
2024-05-16,18615.9,18677.55,18550.75,18555.6,0,0.0,1.0
2024-05-17,18572.25,18606.5,18467.5,18554.5,0,0.0,1.0
2024-05-20,18573.25,18724.25,18566.25,18675.35,0,0.0,1.0
2024-05-21,18675.85,18740.1,18612.25,18731.35,0,0.0,1.0
2024-05-22,18734.25,18821.9,18621.15,18753.25,0,0.0,1.0
2024-05-23,18813.5,18962.9,18564.9,18627.7,0,0.0,1.0
2024-05-24,18634.35,18867.7,18626.6,18814.95,0,0.0,1.0
2024-05-27,18829.25,18909.5,18787.75,18905.75,0,0.0,1.0
2024-05-28,18908.9,18936.8,18777.55,18908.35,0,0.0,1.0
2024-05-29,18907.6,18909.5,18703.65,18710.35,0,0.0,1.0
2024-05-30,18718.8,18752.95,18515.05,18562.65,0,0.0,1.0
2024-05-31,18547.9,18636.3,18211.55,18538.4,0,0.0,1.0
2024-06-03,18571.2,18732.2,18414.7,18640.3,0,0.0,1.0
2024-06-04,18640.35,18732.85,18491.6,18684.95,0,0.0,1.0
2024-06-05,18695.15,19072.3,18678.55,19068.9,0,0.0,1.0
2024-06-06,19062.45,19106.85,19001.6,19052.7,0,0.0,1.0
2024-06-07,19048.45,19140.0,18926.8,19016.6,0,0.0,1.0
2024-06-10,19015.9,19123.25,18968.4,19100.75,0,0.0,1.0
2024-06-11,19097.45,19253.6,18993.0,19244.45,0,0.0,1.0
2024-06-12,19243.35,19610.5,19233.5,19608.1,0,0.0,1.0
2024-06-13,19598.1,19687.5,19503.5,19609.85,0,0.0,1.0
2024-06-14,19602.1,19700.95,19504.75,19698.05,0,0.0,1.0
2024-06-17,19695.45,20021.2,19654.7,19937.3,0,0.0,1.0
2024-06-18,19941.3,20020.55,19879.95,19962.65,0,0.0,1.0
2024-06-19,19963.45,20008.1,19960.1,19987.35,0,0.0,1.0
2024-06-20,19989.45,20130.1,19723.75,19813.45,0,0.0,1.0
2024-06-21,19811.2,19848.6,19678.1,19772.45,0,0.0,1.0
2024-06-24,19782.95,19798.7,19499.95,19523.15,0,0.0,1.0
2024-06-25,19533.65,19754.3,19499.9,19743.65,0,0.0,1.0
2024-06-26,19747.8,19847.05,19678.2,19729.3,0,0.0,1.0
2024-06-27,19728.55,19895.2,19654.7,19846.65,0,0.0,1.0
2024-06-28,19849.3,20056.1,19692.1,19746.8,0,0.0,1.0
2024-07-01,19762.4,19865.9,19603.4,19834.5,0,0.0,1.0
2024-07-02,19844.0,20051.25,19706.3,20033.5,0,0.0,1.0
2024-07-03,20035.75,20226.25,20000.4,20210.4,0,0.0,1.0
2024-07-04,20196.4,20211.8,20164.3,20176.3,0,0.0,1.0
2024-07-05,20172.8,20434.95,20164.8,20386.05,0,0.0,1.0
2024-07-08,20396.3,20492.95,20384.3,20488.65,0,0.0,1.0
2024-07-09,20480.55,20579.4,20424.7,20496.15,0,0.0,1.0
2024-07-10,20496.5,20723.0,20496.15,20703.5,0,0.0,1.0
2024-07-11,20702.25,20795.25,20187.4,20241.25,0,0.0,1.0
2024-07-12,20241.2,20553.1,20140.75,20352.05,0,0.0,1.0
2024-07-15,20377.2,20611.25,20326.3,20445.0,0,0.0,1.0
2024-07-16,20451.25,20506.9,20288.65,20412.25,0,0.0,1.0
2024-07-17,20410.75,20423.4,19793.65,19843.25,0,0.0,1.0
2024-07-18,19861.9,19992.3,19592.04,19777.17,0,0.0,1.0
2024-07-19,19798.79,19818.54,19487.3,19535.15,0,0.0,1.0
2024-07-22,19584.85,19885.6,19561.85,19821.5,0,0.0,1.0
2024-07-23,19821.65,19931.55,19715.55,19791.15,0,0.0,1.0
2024-07-24,19678.75,19702.65,19023.65,19121.25,0,0.0,1.0
2024-07-25,19122.3,19244.95,18739.85,18854.3,0,0.0,1.0
2024-07-26,18867.6,19159.25,18857.75,19037.85,0,0.0,1.0
2024-07-29,19079.4,19248.75,18985.15,19093.25,0,0.0,1.0
2024-07-30,19092.6,19194.5,18600.0,18735.35,0,0.0,1.0
2024-07-31,18747.55,19519.95,18738.05,19456.3,0,0.0,1.0
2024-08-01,19470.25,19594.15,18731.0,18845.5,0,0.0,1.0
2024-08-02,18852.0,18860.65,18272.25,18393.6,0,0.0,1.0
2024-08-05,18249.3,18279.35,17248.6,18039.45,0,0.0,1.0
2024-08-06,18079.95,18380.6,17867.1,17997.95,0,0.0,1.0
2024-08-07,17958.55,18459.05,17738.2,17757.05,0,0.0,1.0
2024-08-08,17796.15,18497.8,17649.3,18462.65,0,0.0,1.0
2024-08-09,18452.8,18579.2,18290.2,18507.8,0,0.0,1.0
2024-08-12,18515.75,18676.4,18428.0,18538.53,0,0.0,1.0
2024-08-13,18554.75,19032.8,18544.05,19011.0,0,0.0,1.0
2024-08-14,19024.0,19117.8,18841.95,19061.18,0,0.0,1.0
2024-08-15,19053.25,19517.55,19014.35,19482.95,0,0.0,1.0
2024-08-16,19476.03,19596.9,19363.15,19518.1,0,0.0,1.0
2024-08-19,19543.15,19794.55,19448.7,19776.0,0,0.0,1.0
2024-08-20,19797.55,19856.35,19668.75,19730.05,0,0.0,1.0
2024-08-21,19728.4,19909.45,19700.35,19846.4,0,0.0,1.0
2024-08-22,19854.5,19959.05,19474.8,19544.1,0,0.0,1.0
2024-08-23,19555.0,19838.2,19528.55,19712.18,0,0.0,1.0
2024-08-26,19738.6,19790.35,19451.6,19493.8,0,0.0,1.0
2024-08-27,19506.05,19641.35,19390.85,19583.3,0,0.0,1.0
2024-08-28,19594.15,19641.9,19178.85,19263.1,0,0.0,1.0
2024-08-29,19151.85,19646.4,19094.5,19402.6,0,0.0,1.0
2024-08-30,19406.85,19589.65,19328.4,19552.03,0,0.0,1.0
2024-09-02,19579.15,19637.8,19481.05,19615.15,0,0.0,1.0
2024-09-03,19634.4,19653.7,18883.95,18964.65,0,0.0,1.0
2024-09-04,18961.0,19084.92,18797.05,18935.0,0,0.0,1.0
2024-09-05,18949.6,19121.35,18804.25,18898.35,0,0.0,1.0
2024-09-06,18898.6,18945.1,18312.75,18351.45,0,0.0,1.0
2024-09-09,18399.5,18718.75,18371.5,18706.95,0,0.0,1.0
2024-09-10,18714.55,18862.1,18570.35,18821.55,0,0.0,1.0
2024-09-11,18825.85,19283.5,18538.65,19237.95,0,0.0,1.0
2024-09-12,19232.45,19473.75,19179.75,19405.45,0,0.0,1.0
2024-09-13,19409.45,19568.75,19391.0,19497.85,0,0.0,1.0
2024-09-16,19523.8,19549.95,19297.95,19416.33,0,0.0,1.0
2024-09-17,19430.1,19616.75,19342.4,19452.85,0,0.0,1.0
2024-09-18,19457.85,19675.15,19345.65,19415.35,0,0.0,1.0
2024-09-19,19424.7,19982.35,19418.85,19843.95,0,0.0,1.0
2024-09-20,19846.15,19866.2,19644.45,19797.9,0,0.0,1.0
2024-09-23,19808.95,19952.85,19745.1,19854.4,0,0.0,1.0
2024-09-24,19858.3,20007.6,19747.2,19979.05,0,0.0,1.0
2024-09-25,19981.4,20065.4,19860.6,20038.35,0,0.0,1.0
2024-09-26,20042.5,20334.6,19988.5,20142.6,0,0.0,1.0
2024-09-27,20143.25,20194.3,19974.15,19992.0,0,0.0,1.0
2024-09-30,20003.9,20094.05,19864.3,20040.0,0,0.0,1.0
2024-10-01,20051.15,20141.95,19631.85,19771.5,0,0.0,1.0
2024-10-02,19784.05,19898.45,19643.2,19865.55,0,0.0,1.0
2024-10-03,19863.9,19923.75,19663.95,19770.85,0,0.0,1.0
2024-10-04,19772.55,20077.2,19756.95,20016.65,0,0.0,1.0
2024-10-07,20053.7,20087.95,19772.55,19841.0,0,0.0,1.0
2024-10-08,19849.1,20153.55,19730.5,20112.6,0,0.0,1.0
2024-10-09,20115.65,20311.7,20026.7,20278.4,0,0.0,1.0
2024-10-10,20278.35,20340.0,20135.55,20267.85,0,0.0,1.0
2024-10-11,20268.45,20330.95,20152.7,20250.15,0,0.0,1.0
2024-10-14,20271.7,20524.95,20230.2,20482.53,0,0.0,1.0
2024-10-15,20479.05,20506.1,20102.1,20180.1,0,0.0,1.0
2024-10-16,20183.3,20246.1,20056.6,20173.75,0,0.0,1.0
2024-10-17,20179.55,20444.85,20128.6,20234.55,0,0.0,1.0
2024-10-18,20245.1,20384.05,20175.4,20337.6,0,0.0,1.0
2024-10-21,20372.05,20416.8,20206.8,20400.5,0,0.0,1.0
2024-10-22,20399.55,20465.0,20226.1,20385.35,0,0.0,1.0
2024-10-23,20383.65,20410.95,19948.95,20143.75,0,0.0,1.0
2024-10-24,20167.3,20298.6,20133.6,20262.8,0,0.0,1.0
2024-10-25,20267.65,20579.4,20238.45,20352.45,0,0.0,1.0
2024-10-28,20428.6,20561.25,20373.15,20394.2,0,0.0,1.0
2024-10-29,20404.2,20646.95,20322.2,20595.9,0,0.0,1.0
2024-10-30,20624.95,20679.5,20364.5,20397.6,0,0.0,1.0
2024-10-31,20373.8,20386.7,19903.05,19931.0,0,0.0,1.0
2024-11-01,19968.85,20180.9,19913.15,20064.23,0,0.0,1.0
2024-11-04,20008.45,20151.1,19917.35,20017.55,0,0.0,1.0
2024-11-05,20030.75,20289.8,19948.05,20267.75,0,0.0,1.0
2024-11-06,20269.0,20839.2,20231.15,20827.55,0,0.0,1.0
2024-11-07,20819.75,21158.05,20768.3,21128.75,0,0.0,1.0
2024-11-08,21126.8,21170.0,21028.7,21132.2,0,0.0,1.0
2024-11-11,21177.93,21253.55,21012.55,21123.75,0,0.0,1.0
2024-11-12,21122.3,21167.35,20971.85,21093.3,0,0.0,1.0
2024-11-13,21098.9,21188.0,20977.25,21084.45,0,0.0,1.0
2024-11-14,21079.85,21110.9,20871.4,20901.85,0,0.0,1.0
2024-11-15,20893.65,20894.15,20332.05,20429.35,0,0.0,1.0
2024-11-18,20421.75,20657.3,20409.15,20566.6,0,0.0,1.0
2024-11-19,20573.75,20730.9,20321.15,20692.85,0,0.0,1.0
2024-11-20,20695.35,20784.15,20419.15,20678.45,0,0.0,1.0
2024-11-21,20670.9,20846.55,20456.55,20735.0,0,0.0,1.0
2024-11-22,20724.9,20822.65,20637.45,20821.6,0,0.0,1.0
2024-11-25,20887.4,21031.5,20731.0,20851.6,0,0.0,1.0
2024-11-26,20851.3,20977.95,20708.7,20952.05,0,0.0,1.0
2024-11-27,20945.75,20972.8,20631.15,20761.85,0,0.0,1.0
2024-11-28,20768.1,20867.4,20766.35,20848.4,0,0.0,1.0
2024-11-29,20842.15,20976.95,20765.95,20951.2,0,0.0,1.0
2024-12-02,20968.65,21227.75,20908.3,21179.0,0,0.0,1.0
2024-12-03,21182.6,21303.15,21111.65,21299.1,0,0.0,1.0
2024-12-04,21289.8,21525.1,21283.55,21495.05,0,0.0,1.0
2024-12-05,21485.4,21546.95,21421.2,21437.0,0,0.0,1.0
2024-12-06,21430.0,21650.8,21408.05,21617.4,0,0.0,1.0
2024-12-09,21627.0,21697.25,21430.45,21465.75,0,0.0,1.0
2024-12-10,21475.95,21600.05,21349.95,21431.83,0,0.0,1.0
2024-12-11,21425.35,21818.95,21405.35,21756.3,0,0.0,1.0
2024-12-12,21760.3,21777.5,21613.05,21639.0,0,0.0,1.0
2024-12-13,21750.2,21922.0,21686.15,21802.1,0,0.0,1.0
2024-12-16,21820.3,22212.05,21814.05,22173.1,0,0.0,1.0
2024-12-17,22177.6,22199.05,22019.65,22081.95,0,0.0,1.0
2024-12-18,22077.15,22167.95,21093.65,21243.0,0,0.0,1.0
2024-12-19,21289.85,21485.25,21133.0,21196.2,0,0.0,1.0
2024-12-20,21198.6,21601.0,20799.55,21343.1,0,0.0,1.0
2024-12-23,21442.35,21569.85,21272.5,21531.2,0,0.0,1.0
2024-12-24,21550.9,21846.45,21506.55,21843.45,0,0.0,1.0
2024-12-26,21853.4,21912.7,21672.65,21784.6,0,0.0,1.0
2024-12-27,21787.2,21811.5,21301.9,21524.95,0,0.0,1.0
2024-12-30,21553.35,21554.85,21070.55,21203.93,0,0.0,1.0
2024-12-31,21200.55,21341.85,20999.6,21051.65,0,0.0,1.0
2025-01-02,21087.9,21310.7,20807.6,21004.4,0,0.0,1.0
2025-01-03,21000.05,21380.15,20966.35,21313.55,0,0.0,1.0
2025-01-06,21361.9,21724.8,21309.75,21609.75,0,0.0,1.0
2025-01-07,21617.35,21637.0,21117.75,21211.35,0,0.0,1.0
2025-01-08,21207.3,21284.85,21002.65,21161.1,0,0.0,1.0
2025-01-09,21163.65,21185.45,21056.2,21139.95,0,0.0,1.0
2025-01-10,21130.85,21212.65,20721.55,20839.45,0,0.0,1.0
2025-01-13,20827.15,20887.55,20546.65,20846.7,0,0.0,1.0
2025-01-14,20876.75,20998.2,20629.7,20831.4,0,0.0,1.0
2025-01-15,20828.5,21307.55,20766.3,21232.0,0,0.0,1.0
2025-01-16,21244.0,21422.3,21027.4,21068.6,0,0.0,1.0
2025-01-17,21075.35,21531.0,21066.15,21444.1,0,0.0,1.0
2025-01-20,21474.4,21640.15,21390.15,21545.25,0,0.0,1.0
2025-01-21,21577.55,21648.35,21244.7,21641.55,0,0.0,1.0
2025-01-22,21659.15,21964.45,21642.8,21856.4,0,0.0,1.0
2025-01-23,21851.55,21922.1,21729.85,21894.8,0,0.0,1.0
2025-01-24,21883.6,21953.65,21718.9,21784.1,0,0.0,1.0
2025-01-27,21592.85,21607.85,20654.5,21192.2,0,0.0,1.0
2025-01-28,21233.1,21513.65,21053.25,21447.35,0,0.0,1.0
2025-01-29,21431.3,21588.1,21258.3,21464.05,0,0.0,1.0
2025-01-30,21444.4,21642.7,21316.45,21503.15,0,0.0,1.0
2025-01-31,21572.1,21859.9,21428.65,21467.6,0,0.0,1.0
2025-02-03,20896.25,21480.65,20883.15,21456.35,0,0.0,1.0
2025-02-04,21498.75,21599.0,21149.65,21488.75,0,0.0,1.0
2025-02-05,21466.15,21704.45,21339.95,21679.4,0,0.0,1.0
2025-02-06,21672.1,21794.25,21618.9,21756.2,0,0.0,1.0
2025-02-07,21735.25,21882.3,21467.9,21487.85,0,0.0,1.0
2025-02-10,21404.05,21811.95,21402.3,21754.9,0,0.0,1.0
2025-02-11,21740.25,21791.55,21590.3,21713.5,0,0.0,1.0
2025-02-12,21724.8,21786.6,21436.35,21785.8,0,0.0,1.0
2025-02-13,21782.3,22050.85,21680.6,22002.05,0,0.0,1.0
2025-02-14,22007.7,22147.2,21970.0,22128.55,0,0.0,1.0
2025-02-17,22161.05,22215.95,22126.55,22169.95,0,0.0,1.0
2025-02-18,22166.9,22255.95,22039.45,22160.33,0,0.0,1.0
2025-02-19,22171.25,22238.0,22058.0,22161.2,0,0.0,1.0
2025-02-20,22159.35,22172.15,21890.55,22075.1,0,0.0,1.0
2025-02-21,22074.5,22186.3,21594.25,21600.85,0,0.0,1.0
2025-02-24,21656.2,21760.65,21358.5,21379.45,0,0.0,1.0
2025-02-25,21397.8,21406.2,20946.1,21147.05,0,0.0,1.0
2025-02-26,21190.8,21360.7,21023.95,21228.05,0,0.0,1.0
2025-02-27,21190.85,21341.65,20546.55,20590.6,0,0.0,1.0
2025-02-28,20610.9,20901.35,20421.7,20868.15,0,0.0,1.0
2025-03-03,20960.65,21086.05,20292.8,20504.75,0,0.0,1.0
2025-03-04,20482.0,20708.8,20055.05,20510.5,0,0.0,1.0
2025-03-05,20529.75,20698.55,20197.05,20589.0,0,0.0,1.0
2025-03-06,20590.4,20626.7,19980.7,20149.95,0,0.0,1.0
2025-03-07,20186.9,20258.8,19745.85,20181.15,0,0.0,1.0
2025-03-10,20058.1,20135.75,19264.25,19462.7,0,0.0,1.0
2025-03-11,19415.85,19678.65,19135.75,19392.25,0,0.0,1.0
2025-03-12,19413.95,19775.8,19380.1,19562.45,0,0.0,1.0
2025-03-13,19572.7,19692.0,19165.8,19286.35,0,0.0,1.0
2025-03-14,19296.2,19741.65,19296.2,19664.35,0,0.0,1.0
2025-03-17,19690.35,19964.85,19555.0,19836.45,0,0.0,1.0
2025-03-18,19838.65,19867.2,19404.9,19499.5,0,0.0,1.0
2025-03-19,19500.35,19943.75,19462.15,19746.85,0,0.0,1.0
2025-03-20,19760.0,19906.55,19538.7,19699.53,0,0.0,1.0
2025-03-21,19704.2,19782.0,19416.0,19777.7,0,0.0,1.0
2025-03-24,19876.5,20221.75,19872.75,20170.45,0,0.0,1.0
2025-03-25,20175.85,20339.9,20110.05,20332.6,0,0.0,1.0
2025-03-26,20331.5,20354.8,19865.7,19906.0,0,0.0,1.0
2025-03-27,19869.6,20019.7,19761.95,19817.25,0,0.0,1.0
2025-03-28,19813.05,19829.85,19186.3,19186.55,0,0.0,1.0
2025-03-31,19156.5,19322.9,18811.15,19242.85,0,0.0,1.0
2025-04-01,19241.5,19478.55,19095.3,19432.25,0,0.0,1.0
2025-04-02,19433.8,19879.25,18910.6,18964.75,0,0.0,1.0
2025-04-03,18835.15,19014.95,18456.2,18489.83,0,0.0,1.0
2025-04-04,18501.5,18556.55,17238.15,17333.85,0,0.0,1.0
2025-04-07,16523.2,18231.55,16315.08,17494.8,0,0.0,1.0
2025-04-08,17529.0,18220.05,16846.25,17092.1,0,0.0,1.0
2025-04-09,17098.95,19241.6,16613.0,19210.7,0,0.0,1.0
2025-04-10,19176.25,19244.65,17789.4,18367.75,0,0.0,1.0
2025-04-11,18365.8,18737.1,17939.2,18683.55,0,0.0,1.0
2025-04-14,18937.85,19126.4,18608.4,18772.35,0,0.0,1.0
2025-04-15,18754.65,19014.95,18680.05,18807.0,0,0.0,1.0
2025-04-16,18601.9,18734.2,17991.05,18242.85,0,0.0,1.0
2025-04-17,18278.45,18531.85,18143.65,18301.95,0,0.0,1.0
2025-04-21,18238.5,18260.05,17595.05,17805.6,0,0.0,1.0
2025-04-22,17820.2,18405.65,17758.85,18250.95,0,0.0,1.0
2025-04-23,18603.1,19056.7,18518.45,18741.2,0,0.0,1.0
2025-04-24,18702.25,19296.25,18490.7,19238.95,0,0.0,1.0
2025-04-25,19301.65,19471.05,19110.35,19447.65,0,0.0,1.0
2025-04-28,19403.6,19521.9,19156.15,19381.95,0,0.0,1.0
2025-04-29,19371.85,19593.05,19283.3,19519.18,0,0.0,1.0
2025-04-30,19491.5,19778.9,19006.75,19746.2,0,0.0,1.0
2025-05-01,19721.45,20028.9,19663.65,19699.95,0,0.0,1.0
2025-05-02,19680.15,20180.35,19654.85,20106.4,0,0.0,1.0
2025-05-05,20092.7,20103.4,19882.6,19954.25,0,0.0,1.0
2025-05-06,19933.45,19951.4,19655.4,19763.45,0,0.0,1.0
2025-05-07,19747.3,20045.95,19599.1,19876.75,0,0.0,1.0
2025-05-08,19838.05,20256.1,19830.7,20072.55,0,0.0,1.0
2025-05-09,20089.6,20198.8,19978.55,20066.28,0,0.0,1.0
2025-05-12,20371.35,20915.65,20297.1,20876.95,0,0.0,1.0
2025-05-13,20871.95,21270.9,20743.9,21179.15,0,0.0,1.0
2025-05-14,21177.6,21345.8,21165.05,21324.95,0,0.0,1.0
2025-05-15,21298.4,21457.85,21120.35,21322.9,0,0.0,1.0
2025-05-16,21311.55,21436.45,21247.2,21326.3,0,0.0,1.0
2025-05-19,21237.9,21480.95,21047.95,21455.7,0,0.0,1.0
2025-05-20,21444.15,21503.65,21242.25,21362.05,0,0.0,1.0
2025-05-21,21356.75,21502.85,21020.95,21093.8,0,0.0,1.0
2025-05-22,21092.85,21284.85,20985.75,21162.63,0,0.0,1.0
2025-05-23,21182.5,21184.0,20679.45,20905.4,0,0.0,1.0
2025-05-26,20915.8,21266.05,20914.55,21245.0,0,0.0,1.0
2025-05-27,21239.45,21450.65,21107.9,21437.65,0,0.0,1.0
2025-05-28,21432.45,21529.9,21301.9,21486.2,0,0.0,1.0
2025-05-29,21468.2,21821.4,21268.4,21352.2,0,0.0,1.0
2025-05-30,21332.5,21399.15,21040.65,21335.45,0,0.0,1.0
2025-06-02,21288.95,21551.2,21137.7,21529.75,0,0.0,1.0
2025-06-03,21527.6,21740.15,21379.05,21668.8,0,0.0,1.0
2025-06-04,21668.1,21785.3,21620.55,21731.1,0,0.0,1.0
2025-06-05,21734.4,21916.15,21488.9,21495.5,0,0.0,1.0
2025-06-06,21473.8,21854.85,21462.55,21793.7,0,0.0,1.0
2025-06-09,21804.1,21877.15,21709.1,21811.4,0,0.0,1.0
2025-06-10,21819.2,21982.9,21725.65,21941.45,0,0.0,1.0
2025-06-11,21938.2,22084.15,21782.65,21874.7,0,0.0,1.0
2025-06-12,21866.4,21972.85,21715.35,21903.9,0,0.0,1.0
2025-06-13,21904.1,21904.1,21467.05,21647.95,0,0.0,1.0
2025-06-16,21568.55,22004.6,21540.8,21947.15,0,0.0,1.0
2025-06-17,21951.9,21962.3,21695.6,21737.65,0,0.0,1.0
2025-06-18,21711.65,21880.35,21651.6,21747.15,0,0.0,1.0
2025-06-19,21743.35,21750.3,21440.3,21491.8,0,0.0,1.0
2025-06-20,21565.6,21917.3,21558.3,21665.3,0,0.0,1.0
2025-06-23,21441.9,21888.2,21441.9,21868.0,0,0.0,1.0
2025-06-24,21868.6,22241.15,21865.5,22202.15,0,0.0,1.0
2025-06-25,22198.75,22345.2,22183.45,22269.58,0,0.0,1.0
2025-06-26,22253.6,22492.2,22238.3,22471.85,0,0.0,1.0
2025-06-27,22478.95,22622.15,22401.9,22541.45,0,0.0,1.0
2025-06-30,22583.35,22736.65,22564.4,22670.45,0,0.0,1.0
2025-07-01,22679.0,22721.95,22404.95,22498.65,0,0.0,1.0
2025-07-02,22498.4,22664.05,22392.1,22660.8,0,0.0,1.0
2025-07-03,22650.25,22909.1,22634.45,22866.95,0,0.0,1.0
2025-07-04,22854.55,22873.5,22695.5,22719.0,0,0.0,1.0
2025-07-07,22801.3,22845.8,22601.1,22658.9,0,0.0,1.0
2025-07-08,22659.7,22794.9,22632.9,22725.9,0,0.0,1.0
2025-07-09,22728.8,22938.25,22667.75,22870.75,0,0.0,1.0
2025-07-10,22867.05,22918.5,22730.0,22836.3,0,0.0,1.0
2025-07-11,22837.15,22877.35,22655.6,22767.1,0,0.0,1.0
2025-07-14,22672.45,22905.0,22644.25,22875.25,0,0.0,1.0
2025-07-15,22870.5,23063.2,22838.95,22860.08,0,0.0,1.0
2025-07-16,22874.55,22944.75,22681.75,22908.38,0,0.0,1.0
2025-07-17,22914.85,23121.3,22865.8,23111.8,0,0.0,1.0
2025-07-18,23098.91,23167.16,23021.16,23076.36,0,0.0,1.0
2025-07-21,23078.0,23281.5,23061.0,23203.25,0,0.0,1.0
2025-07-22,23201.65,23225.05,22967.8,23058.15,0,0.0,1.0
2025-07-23,23061.45,23280.75,23010.25,23275.1,0,0.0,1.0
2025-07-24,23255.3,23291.95,23167.45,23262.8,0,0.0,1.0
2025-07-25,23262.1,23344.75,23201.75,23316.1,0,0.0,1.0
2025-07-28,23423.2,23464.5,23317.5,23388.5,0,0.0,1.0
2025-07-29,23388.87,23528.67,23299.67,23329.27,0,0.0,1.0
2025-07-30,23337.17,23571.82,23237.82,23542.67,0,0.0,1.0
2025-07-31,23582.92,23726.82,23174.57,23212.17,0,0.0,1.0
2025-08-01,23218.37,23231.52,22670.37,22755.62,0,0.0,1.0
2025-08-04,22768.2,23247.6,22716.25,23246.4,0,0.0,1.0
2025-08-05,23242.94,23301.84,22984.24,22990.19,0,0.0,1.0
2025-08-06,22999.64,23346.79,22948.54,23314.14,0,0.0,1.0
2025-08-07,23327.54,23577.69,23233.94,23427.04,0,0.0,1.0
2025-08-08,23426.84,23674.49,23409.24,23672.24,0,0.0,1.0
2025-08-11,23672.1,23717.1,23502.25,23542.6,0,0.0,1.0
2025-08-12,23543.3,23868.0,23513.0,23865.13,0,0.0,1.0
2025-08-13,23855.2,23986.9,23805.3,23843.45,0,0.0,1.0
2025-08-14,23848.0,23923.56,23711.21,23809.09,0,0.0,1.0
2025-08-15,23800.29,23878.94,23655.89,23716.19,0,0.0,1.0
2025-08-18,23745.5,23809.05,23646.8,23714.85,0,0.0,1.0
2025-08-19,23725.34,23766.29,23351.79,23407.02,0,0.0,1.0
2025-08-20,23400.3,23421.75,22971.0,23256.3,0,0.0,1.0
2025-08-21,23256.36,23304.56,23056.81,23155.86,0,0.0,1.0
2025-08-22,23170.11,23580.86,23013.51,23512.91,0,0.0,1.0
2025-08-25,23525.3,23554.83,23383.83,23441.33,0,0.0,1.0
2025-08-26,23446.53,23561.78,23312.73,23556.66,0,0.0,1.0
2025-08-27,23554.63,23620.53,23387.78,23494.58,0,0.0,1.0
2025-08-28,23493.73,23758.58,23444.18,23719.21,0,0.0,1.0
2025-08-29,23715.08,23719.53,23358.78,23410.83,0,0.0,1.0
2025-09-01,23434.55,23517.1,23335.85,23466.8,0,0.0,1.0
2025-09-02,23463.45,23464.95,22996.15,23348.45,0,0.0,1.0
2025-09-03,23347.72,23495.92,23271.67,23425.72,0,0.0,1.0
2025-09-04,23424.92,23681.6,23384.62,23657.65,0,0.0,1.0
2025-09-05,23682.8,23876.0,23481.0,23647.25,0,0.0,1.0
2025-09-08,23649.35,23869.1,23633.3,23782.1,0,0.0,1.0
2025-09-09,23787.21,23910.31,23718.66,23878.96,0,0.0,1.0
2025-09-10,23889.96,24030.61,23782.91,23852.66,0,0.0,1.0
2025-09-11,23854.26,24043.21,23851.51,24003.76,0,0.0,1.0
2025-09-12,24017.21,24162.26,23969.91,24118.31,0,0.0,1.0
2025-09-15,24121.95,24328.5,24091.5,24311.0,0,0.0,1.0
2025-09-16,24308.17,24423.37,24277.37,24308.17,0,0.0,1.0
2025-09-17,24309.67,24331.37,24017.07,24275.67,0,0.0,1.0
2025-09-18,24277.07,24592.52,24274.82,24492.15,0,0.0,1.0
2025-09-19,24494.67,24667.62,24435.62,24640.62,0,0.0,1.0
2025-09-22,24635.1,24811.15,24534.55,24780.15,0,0.0,1.0
2025-09-23,24787.13,24813.13,24566.88,24621.63,0,0.0,1.0
2025-09-24,24633.33,24703.28,24419.93,24538.03,0,0.0,1.0
2025-09-25,24543.48,24586.68,24217.18,24428.93,0,0.0,1.0
2025-09-26,24426.73,24542.68,24315.93,24521.23,0,0.0,1.0
2025-09-29,24536.35,24776.65,24528.6,24615.65,0,0.0,1.0
2025-09-30,24621.29,24722.29,24531.99,24647.09,0,0.0,1.0
2025-10-01,24656.59,24842.79,24444.54,24818.59,0,0.0,1.0
2025-10-02,24819.24,24993.06,24807.66,24916.71,0,0.0,1.0
2025-10-03,24909.81,25007.76,24737.51,24793.39,0,0.0,1.0
2025-10-06,24848.9,25070.7,24830.65,25002.75,0,0.0,1.0
2025-10-07,25007.38,25096.33,24809.03,24875.58,0,0.0,1.0
2025-10-08,24881.73,25189.93,24851.68,25179.18,0,0.0,1.0
2025-10-09,25174.23,25220.18,24988.43,25114.48,0,0.0,1.0
2025-10-10,25120.23,25216.68,23991.13,24021.23,0,0.0,1.0
2025-10-13,24562.9,24803.7,24459.15,24746.85,0,0.0,1.0
2025-10-14,24754.05,24888.75,24268.75,24599.1,0,0.0,1.0
2025-10-15,24606.1,24960.3,24510.55,24785.85,0,0.0,1.0
2025-10-16,24789.9,25028.6,24463.87,24618.42,0,0.0,1.0
2025-10-17,24621.54,24879.74,24238.49,24860.79,0,0.0,1.0
2025-10-20,24943.75,25214.8,24816.8,25187.85,0,0.0,1.0
2025-10-21,25189.0,25233.55,25067.54,25129.54,0,0.0,1.0
2025-10-22,25144.73,25205.78,24674.78,24906.33,0,0.0,1.0
2025-10-23,24874.03,25166.23,24809.48,25148.98,0,0.0,1.0
2025-10-24,25158.28,25441.98,25157.28,25384.11,0,0.0,1.0
2025-10-27,25613.45,25894.0,25583.75,25885.8,0,0.0,1.0
2025-10-28,25880.7,26114.05,25827.9,26054.35,0,0.0,1.0
2025-10-29,26063.1,26263.15,25936.15,26108.15,0,0.0,1.0
2025-10-30,26070.6,26289.55,25744.2,26039.75,0,0.0,1.0
2025-10-31,26059.0,26163.45,25782.95,25878.25,0,0.0,1.0
2025-11-03,25924.85,26169.65,25922.4,26016.9,0,0.0,1.0
2025-11-04,26000.02,26008.92,25433.72,25486.77,0,0.0,1.0
2025-11-05,25477.07,25792.52,25198.47,25644.32,0,0.0,1.0
2025-11-06,25667.87,25741.32,25121.07,25233.37,0,0.0,1.0
2025-11-07,25211.12,25278.57,24637.37,25153.42,0,0.0,1.0
2025-11-10,25267.75,25694.55,25201.95,25654.93,0,0.0,1.0
2025-11-11,25669.42,25706.57,25416.12,25594.97,0,0.0,1.0
2025-11-12,25608.27,25768.72,25428.57,25565.8,0,0.0,1.0
2025-11-13,25576.32,25664.52,24944.67,25029.22,0,0.0,1.0
2025-11-14,25038.97,25235.92,24570.42,25088.8,0,0.0,1.0
2025-11-17,25034.85,25311.65,24682.4,24854.45,0,0.0,1.0
2025-11-18,24859.25,24910.45,24331.95,24484.5,0,0.0,1.0
2025-11-19,24509.1,24941.05,24399.0,24913.13,0,0.0,1.0
2025-11-20,24926.89,25267.34,24024.94,24026.14,0,0.0,1.0
2025-11-21,24063.49,24545.19,23857.44,24299.94,0,0.0,1.0
2025-11-24,24480.9,24950.45,24321.2,24921.58,0,0.0,1.0
2025-11-25,24933.36,25099.01,24564.06,25027.61,0,0.0,1.0
2025-11-26,25040.41,25344.11,25027.36,25280.91,0,0.0,1.0
2025-11-27,25294.31,25308.76,25256.01,25271.01,0,0.0,1.0
2025-11-28,25279.86,25471.41,25276.91,25456.16,0,0.0,1.0
2025-12-01,25494.55,25508.85,25179.85,25388.15,0,0.0,1.0
2025-12-02,25400.69,25660.29,25317.39,25597.14,0,0.0,1.0
2025-12-03,25614.19,25677.14,25415.89,25638.14,0,0.0,1.0
2025-12-04,25645.79,25725.49,25482.99,25626.87,0,0.0,1.0
2025-12-05,25633.56,25860.76,25572.26,25730.51,0,0.0,1.0
2025-12-08,25757.85,25862.0,25568.15,25708.9,0,0.0,1.0
2025-12-09,25712.84,25741.54,25565.04,25681.04,0,0.0,1.0
2025-12-10,25691.69,25879.09,25536.64,25812.94,0,0.0,1.0
2025-12-11,25794.04,25878.24,25400.44,25851.54,0,0.0,1.0
2025-12-12,25720.29,25751.99,25147.39,25225.09,0,0.0,1.0
2025-12-15,25262.05,25442.8,25065.55,25127.7,0,0.0,1.0
2025-12-16,25136.65,25228.85,24856.8,25107.95,0,0.0,1.0
2025-12-17,25137.55,25294.25,24672.9,24734.2,0,0.0,1.0
2025-12-18,24779.94,25194.89,24687.34,25005.64,0,0.0,1.0
2025-12-19,25029.49,25387.72,24997.04,25386.52,0,0.0,1.0
2025-12-22,25454.9,25588.95,25426.45,25494.0,0,0.0,1.0
2025-12-23,25497.45,25620.9,25403.9,25611.15,0,0.0,1.0
2025-12-24,25603.4,25693.85,25579.85,25667.1,0,0.0,1.0
2025-12-26,25687.08,25742.55,25641.3,25663.05,0,0.0,1.0
2025-12-29,25683.5,25708.8,25464.55,25559.35,0,0.0,1.0
2025-12-30,25559.05,25611.85,25487.85,25495.15,0,0.0,1.0
2025-12-31,25505.02,25536.72,25255.87,25261.5,0,0.0,1.0
2026-01-02,25305.27,25629.07,25095.97,25223.62,0,0.0,1.0
2026-01-05,25279.5,25543.55,25244.75,25415.05,0,0.0,1.0
2026-01-06,25425.3,25671.45,25367.75,25666.5,0,0.0,1.0
2026-01-07,25672.65,25834.1,25568.1,25675.4,0,0.0,1.0
2026-01-08,25687.95,25689.2,25412.7,25556.95,0,0.0,1.0
2026-01-09,25567.0,25831.45,25464.45,25779.0,0,0.0,1.0
2026-01-12,25760.15,25876.4,25492.15,25797.9,0,0.0,1.0
2026-01-13,25801.64,25904.81,25659.46,25752.96,0,0.0,1.0
2026-01-14,25762.86,25781.31,25273.36,25464.16,0,0.0,1.0
2026-01-15,25450.36,25812.01,25421.56,25566.31,0,0.0,1.0
2026-01-16,25584.86,25753.81,25455.56,25543.61,0,0.0,1.0
2026-01-19,25324.4,25339.45,25107.95,25267.7,0,0.0,1.0
2026-01-20,25267.25,25310.7,24968.2,25017.7,0,0.0,1.0
2026-01-21,25024.65,25525.92,24904.27,25384.67,0,0.0,1.0
2026-01-22,25426.32,25619.02,25362.02,25508.07,0,0.0,1.0
2026-01-23,25491.62,25727.82,25422.32,25559.12,0,0.0,1.0
2026-01-26,25319.4,25820.5,25314.2,25750.3,0,0.0,1.0
2026-01-27,25746.61,26008.81,25731.01,26000.61,0,0.0,1.0
2026-01-28,26012.51,26241.21,25887.76,26159.51,0,0.0,1.0
2026-01-29,26179.86,26187.26,25430.31,25874.86,0,0.0,1.0
2026-01-30,25895.56,25911.01,25465.26,25533.81,0,0.0,1.0
2026-02-02,25417.7,25852.52,25086.0,25776.82,0,0.0,1.0
2026-02-03,25791.77,25935.22,25126.47,25328.52,0,0.0,1.0
2026-02-04,25300.97,25423.92,24695.57,25029.12,0,0.0,1.0
2026-02-05,24985.67,25083.87,24325.37,24342.67,0,0.0,1.0
2026-02-06,24347.02,25142.47,24162.22,25028.77,0,0.0,1.0
2026-02-09,25120.9,25355.7,24884.45,25287.75,0,0.0,1.0
2026-02-10,25301.7,25374.65,25126.4,25185.4,0,0.0,1.0
2026-02-11,25191.75,25394.95,24988.2,25208.45,0,0.0,1.0
2026-02-12,25211.5,25352.95,24655.7,24756.0,0,0.0,1.0
2026-02-13,24764.75,24927.7,24512.7,24705.45,0,0.0,1.0
2026-02-16,24763.9,24861.95,24611.95,24684.65,0,0.0,1.0
2026-02-17,24711.65,24831.0,24391.25,24711.05,0,0.0,1.0
2026-02-18,24715.22,25072.42,24646.42,24877.52,0,0.0,1.0
2026-02-19,24883.42,24993.37,24689.22,24780.82,0,0.0,1.0
2026-02-20,24785.07,25085.77,24627.52,25024.32,0,0.0,1.0
2026-02-23,25001.3,25014.1,24625.35,24744.4,0,0.0,1.0
2026-02-24,24751.41,25039.11,24656.36,24977.86,0,0.0,1.0
2026-02-25,24979.66,25457.56,24956.81,25424.41,0,0.0,1.0
2026-02-26,25355.71,25384.41,24829.41,24994.71,0,0.0,1.0
2026-02-27,24978.51,25065.01,24749.26,24921.51,0,0.0,1.0
2026-03-02,24701.8,25077.1,24453.85,24973.9,0,0.0,1.0
2026-03-03,24985.63,24987.88,24333.08,24692.63,0,0.0,1.0
2026-03-04,24685.03,25200.47,24483.23,25122.27,0,0.0,1.0
2026-03-05,25147.53,25229.43,24760.48,24996.03,0,0.0,1.0
2026-03-06,24994.18,25126.73,24594.23,24649.63,0,0.0,1.0
2026-03-09,24382.8,25045.45,23997.6,24952.0,0,0.0,1.0
2026-03-10,24958.26,25212.96,24829.31,25005.51,0,0.0,1.0
2026-03-11,25002.91,25176.21,24871.11,24943.16,0,0.0,1.0
2026-03-12,24928.76,24931.26,24518.31,24568.61,0,0.0,1.0
2026-03-13,24578.06,24805.51,24333.81,24336.06,0,0.0,1.0
2026-03-16,24337.9,24833.0,24303.5,24672.4,0,0.0,1.0
2026-03-17,24666.4,24916.35,24532.35,24829.15,0,0.0,1.0
2026-03-18,24827.9,25014.85,24372.35,24412.4,0,0.0,1.0
2026-03-19,24434.6,24533.8,24138.65,24428.9,0,0.0,1.0
2026-03-20,24460.65,24473.1,23785.85,24030.15,0,0.0,1.0
2026-03-23,23749.15,24575.25,23589.2,24219.9,0,0.0,1.0
2026-03-24,24229.81,24367.31,23958.26,24223.56,0,0.0,1.0
2026-03-25,24260.61,24362.81,24111.81,24192.11,0,0.0,1.0
2026-03-26,24185.76,24247.06,23592.81,23645.86,0,0.0,1.0
2026-03-27,23676.46,23805.91,23065.01,23085.81,0,0.0,1.0
2026-03-30,23020.05,23404.8,22860.85,22942.4,0,0.0,1.0
2026-03-31,22961.7,23811.1,22803.6,23743.9,0,0.0,1.0
2026-04-01,23731.7,24188.3,23721.45,24027.4,0,0.0,1.0
2026-04-02,24016.9,24101.8,23508.1,24059.4,0,0.0,1.0
2026-04-03,24046.05,24096.95,23949.05,23973.3,0,0.0,1.0
2026-04-06,23890.6,24299.1,23833.1,24197.2,0,0.0,1.0
2026-04-07,24205.2,24305.6,23796.9,24251.55,0,0.0,1.0
2026-04-08,24465.75,25110.3,24224.2,24891.6,0,0.0,1.0
2026-04-09,24896.4,24920.35,24808.85,24864.85,0,0.0,1.0
